{
	"btcusd": [
		5907.9,
  	68.52900821,
  	5908,
  	24.72980635,
  	-255.7,
		5907.9,
  	31038.54865077,
  	6259,
  	5800
	],
	"dashbtc": [
	  0.040047,
	  600.86965246,
	  0.040105,
	  437.19693206,
	  -0.000254,
		0.040047,
	  3179.04145482,
	  0.040395,
	  0.038444
	],
	"dashusd": [
	  236.31,
	  1342.01203923,
	  237.3,
	  362.51918799,
	  -11.41,
		236.31,
	  8744.44983357,
	  248.02,
	  224
	],
	"etcbtc": [
		0.0023263,
	  34090.75023853,
	  0.0023299,
	  32019.3973676,
	  -0.000108,
		0.0023263,
	  81549.62088127,
	  0.0024401,
	  0.0022703
	],
	"etcusd": [
		13.73,
	  10463.05983663,
	  13.738,
	  9873.23234447,
	  -1.141,
		13.73,
	  1264810.74270012,
	  15.048,
	  13.112
	],
	"ethbtc": [
	  0.075209,
	  307.75014818,
	  0.075222,
	  446.8106758,
	  -0.002075,
		0.075209,
	  13148.34499244,
	  0.0775,
	  0.074737
	],
	"ethusd": [
		444.04,
	  701.86541845,
	  444.05,
	  409.78337685,
	  -29.05,
		444.04,
	  159604.26179251,
	  480.64,
	  433
	],
	"ltcbtc": [
		0.013189,
	  2533.45286535,
	  0.0132,
	  4576.07080961,
	  -0.000537,
		0.013189,
	  25870.89364798,
	  0.013725,
	  0.012876
	],
	"ltcusd": [
		77.96,
	  960.89171233,
	  77.963,
	  1302.87374144,
	  -6.151,
		77.96,
	  178823.82245251,
	  84.65,
	  75
	],
	"rrtbtc": [
		0.00000856,
	  58269.49378168,
	  0.0000093,
	  154588.10428038,
	  -1.6e-7,
		0.00000856,
	  86496.74022095,
	  0.0000093,
	  0.0000088
	],
	"rrtusd": [
		0.051171,
	  82259.06898527,
	  0.054997,
		0.051171,
	  119861.14703258,
	  -0.003545,
	  102479.55321084,
	  0.0579,
	  0.051505
	],
	"xmrbtc": [
		0.019241,
	  1591.65978995,
	  0.019269,
	  1402.50815609,
	  0.000452,
		0.019241,
	  12212.53426368,
	  0.0195,
	  0.018405
	],
	"xmrusd": [
		113.6,
	  3176.41960221,
	  113.73,
	  1233.81623104,
	  -1.09,
		113.6,
	  38206.75606374,
	  170,
	  107.14
	],
	"zecbtc": [
		0.026708,
	  400.85106762,
	  0.026727,
	  1201.65232395,
	  -0.000595,
		0.026708,
	  1909.8200559,
	  0.027678,
	  0.026455
	],
	"zecusd": [
		157.9,
	  746.37182477,
	  157.94,
	  371.61568677,
	  -10.56,
		157.9,
	  6296.71234585,
	  172.37,
	  155
	]
}
